{
  "variant": "augment_safe",
  "condition": "all",
  "mean_test": 0.7849999999999999,
  "std_test": 0.08344159634139317,
  "mean_train": 0.93359375,
  "gap": 0.14859375000000008
}