{
  "variant": "combined_ls_wd",
  "condition": "press",
  "label_smoothing": 0.1,
  "weight_decay": 0.001,
  "mean_test": 0.785,
  "std_test": 0.09565563234854496,
  "mean_val": 0.89375,
  "mean_train": 0.9359375,
  "gap": 0.15093749999999995,
  "fold_test": [
    0.625,
    0.875,
    0.725,
    0.85,
    0.85
  ]
}