{
  "variant": "cropwindow",
  "condition": "all",
  "mean_test": 0.7475,
  "std_test": 0.020000000000000007,
  "mean_train": 0.9171875,
  "gap": 0.1696875
}