{
  "variant": "augment_safe_translate",
  "condition": "all",
  "mean_test": 0.755,
  "std_test": 0.08007808689023485,
  "mean_train": 0.89921875,
  "gap": 0.14421874999999995
}