{
  "variant": "small",
  "condition": "all",
  "mean_test": 0.7550000000000001,
  "std_test": 0.06204836822995427,
  "mean_train": 0.8953125,
  "gap": 0.14031249999999984
}